[
{
  "model": "auth.group",
  "fields": {
    "name": "arc",
    "permissions": []
  }
},
{
  "model": "auth.group",
  "fields": {
    "name": "contact-centre",
    "permissions": []
  }
},
{
  "model": "auth.user",
  "fields": {
    "password": "pbkdf2_sha256$36000$0LmFEZxDRGCu$lAZrw1t7xlrEw+bwkv43Npyx7eGYGDVMFg6qHeptuMo=",
    "last_login": "2018-04-10T12:10:08.252Z",
    "is_superuser": false,
    "username": "arc1",
    "first_name": "",
    "last_name": "",
    "email": "",
    "is_staff": false,
    "is_active": true,
    "date_joined": "2018-03-01T10:16:32Z",
    "groups": [
      [
        "arc"
      ]
    ],
    "user_permissions": []
  }
},
{
  "model": "auth.user",
  "fields": {
    "password": "pbkdf2_sha256$36000$0LmFEZxDRGCu$lAZrw1t7xlrEw+bwkv43Npyx7eGYGDVMFg6qHeptuMo=",
    "last_login": "2018-04-10T12:13:42.296Z",
    "is_superuser": false,
    "username": "cc1",
    "first_name": "",
    "last_name": "",
    "email": "",
    "is_staff": false,
    "is_active": true,
    "date_joined": "2018-03-01T10:16:32Z",
    "groups": [
      [
        "contact-centre"
      ]
    ],
    "user_permissions": []
  }
},
{
  "model": "auth.user",
  "fields": {
    "password": "default-password",
    "last_login": null,
    "is_superuser": true,
    "username": "root",
    "first_name": "",
    "last_name": "",
    "email": "",
    "is_staff": true,
    "is_active": true,
    "date_joined": "2018-04-10T10:06:25.166Z",
    "groups": [],
    "user_permissions": []
  }
},
{
  "model": "govuk_template_base.servicesettings",
  "pk": 1,
  "fields": {
    "modified": "2018-04-05T08:21:20.567Z",
    "name": "Untitled",
    "localise_name": false,
    "phase": "discovery",
    "header_link_view_name": "",
    "header_links": [],
    "footer_links": []
  }
},
{
  "model": "timeline_logger.timelinelog",
  "pk": 1,
  "fields": {
    "content_type": [
      "application",
      "application"
    ],
    "object_id": "fc5c770d-4a96-476e-b852-211403469629",
    "timestamp": "2018-04-05T16:19:51.986Z",
    "extra_data": {
      "entity": "application",
      "user_type": "applicant",
      "action": "created"
    },
    "user": null,
    "template": "timeline_logger/application_action.txt"
  }
},
{
  "model": "timeline_logger.timelinelog",
  "pk": 2,
  "fields": {
    "content_type": [
      "application",
      "application"
    ],
    "object_id": "de96c5ab-e33f-4a2f-845e-20e7e89c474b",
    "timestamp": "2018-04-06T08:21:13.519Z",
    "extra_data": {
      "entity": "application",
      "user_type": "applicant",
      "action": "created"
    },
    "user": null,
    "template": "timeline_logger/application_action.txt"
  }
},
{
  "model": "timeline_logger.timelinelog",
  "pk": 3,
  "fields": {
    "content_type": [
      "application",
      "application"
    ],
    "object_id": "de96c5ab-e33f-4a2f-845e-20e7e89c474b",
    "timestamp": "2018-04-06T08:25:04.435Z",
    "extra_data": {
      "entity": "application",
      "user_type": "applicant",
      "action": "submitted"
    },
    "user": null,
    "template": "timeline_logger/application_action.txt"
  }
},
{
  "model": "timeline_logger.timelinelog",
  "pk": 4,
  "fields": {
    "content_type": [
      "application",
      "application"
    ],
    "object_id": "142f1b00-7b60-494e-9099-e5e8c61332a4",
    "timestamp": "2018-04-06T08:41:41.264Z",
    "extra_data": {
      "entity": "application",
      "user_type": "applicant",
      "action": "created"
    },
    "user": null,
    "template": "timeline_logger/application_action.txt"
  }
},
{
  "model": "timeline_logger.timelinelog",
  "pk": 5,
  "fields": {
    "content_type": [
      "application",
      "application"
    ],
    "object_id": "1280a0c3-cb45-4312-9e60-7f5183a1937c",
    "timestamp": "2018-04-06T09:18:18.375Z",
    "extra_data": {
      "entity": "application",
      "user_type": "applicant",
      "action": "created"
    },
    "user": null,
    "template": "timeline_logger/application_action.txt"
  }
},
{
  "model": "timeline_logger.timelinelog",
  "pk": 6,
  "fields": {
    "content_type": [
      "application",
      "application"
    ],
    "object_id": "060162fe-c1a5-4b5f-b341-33991c51f1c0",
    "timestamp": "2018-04-06T10:19:14.445Z",
    "extra_data": {
      "entity": "application",
      "user_type": "applicant",
      "action": "created"
    },
    "user": null,
    "template": "timeline_logger/application_action.txt"
  }
},
{
  "model": "timeline_logger.timelinelog",
  "pk": 7,
  "fields": {
    "content_type": [
      "application",
      "application"
    ],
    "object_id": "3a0a3e25-ed5d-4532-a9fd-0fa90da86e06",
    "timestamp": "2018-04-06T10:58:04.636Z",
    "extra_data": {
      "entity": "application",
      "user_type": "applicant",
      "action": "created"
    },
    "user": null,
    "template": "timeline_logger/application_action.txt"
  }
},
{
  "model": "timeline_logger.timelinelog",
  "pk": 8,
  "fields": {
    "content_type": [
      "application",
      "application"
    ],
    "object_id": "80469292-6ecb-4888-98be-7998de6a4e2a",
    "timestamp": "2018-04-06T11:41:40.589Z",
    "extra_data": {
      "entity": "application",
      "user_type": "applicant",
      "action": "created"
    },
    "user": null,
    "template": "timeline_logger/application_action.txt"
  }
},
{
  "model": "timeline_logger.timelinelog",
  "pk": 9,
  "fields": {
    "content_type": [
      "application",
      "application"
    ],
    "object_id": "b2c27f17-ce33-446a-9bb3-26ff26b5886f",
    "timestamp": "2018-04-06T11:42:13.898Z",
    "extra_data": {
      "entity": "application",
      "user_type": "applicant",
      "action": "created"
    },
    "user": null,
    "template": "timeline_logger/application_action.txt"
  }
},
{
  "model": "timeline_logger.timelinelog",
  "pk": 10,
  "fields": {
    "content_type": [
      "application",
      "application"
    ],
    "object_id": "5c1f0aad-671c-4b75-b21a-a83194df86db",
    "timestamp": "2018-04-06T11:44:04.073Z",
    "extra_data": {
      "entity": "application",
      "user_type": "applicant",
      "action": "created"
    },
    "user": null,
    "template": "timeline_logger/application_action.txt"
  }
},
{
  "model": "timeline_logger.timelinelog",
  "pk": 11,
  "fields": {
    "content_type": [
      "application",
      "application"
    ],
    "object_id": "25847750-66f5-4e8f-b254-3d7605ca90d6",
    "timestamp": "2018-04-06T11:47:46.271Z",
    "extra_data": {
      "entity": "application",
      "user_type": "applicant",
      "action": "created"
    },
    "user": null,
    "template": "timeline_logger/application_action.txt"
  }
},
{
  "model": "timeline_logger.timelinelog",
  "pk": 12,
  "fields": {
    "content_type": [
      "application",
      "application"
    ],
    "object_id": "6e4930ba-41db-4e17-a4b9-a804db398861",
    "timestamp": "2018-04-06T11:54:02.100Z",
    "extra_data": {
      "entity": "application",
      "user_type": "applicant",
      "action": "created"
    },
    "user": null,
    "template": "timeline_logger/application_action.txt"
  }
},
{
  "model": "timeline_logger.timelinelog",
  "pk": 13,
  "fields": {
    "content_type": [
      "application",
      "application"
    ],
    "object_id": "3fa03048-55a6-4c5d-9ff1-e5e797e0853c",
    "timestamp": "2018-04-06T14:11:26.277Z",
    "extra_data": {
      "entity": "application",
      "user_type": "applicant",
      "action": "created"
    },
    "user": null,
    "template": "timeline_logger/application_action.txt"
  }
},
{
  "model": "timeline_logger.timelinelog",
  "pk": 14,
  "fields": {
    "content_type": [
      "application",
      "application"
    ],
    "object_id": "2ac06828-c082-4c3f-91ef-9fd5584a1f25",
    "timestamp": "2018-04-09T08:44:54.951Z",
    "extra_data": {
      "entity": "application",
      "user_type": "applicant",
      "action": "created"
    },
    "user": null,
    "template": "timeline_logger/application_action.txt"
  }
},
{
  "model": "timeline_logger.timelinelog",
  "pk": 15,
  "fields": {
    "content_type": [
      "application",
      "application"
    ],
    "object_id": "a874bde2-d954-41db-9c42-b1368798c45d",
    "timestamp": "2018-04-09T08:45:06.452Z",
    "extra_data": {
      "entity": "application",
      "user_type": "applicant",
      "action": "created"
    },
    "user": null,
    "template": "timeline_logger/application_action.txt"
  }
},
{
  "model": "timeline_logger.timelinelog",
  "pk": 16,
  "fields": {
    "content_type": [
      "application",
      "application"
    ],
    "object_id": "d03f4c1b-bcef-4085-ae89-eceafb76ec1b",
    "timestamp": "2018-04-09T09:06:25.285Z",
    "extra_data": {
      "entity": "application",
      "user_type": "applicant",
      "action": "created"
    },
    "user": null,
    "template": "timeline_logger/application_action.txt"
  }
},
{
  "model": "timeline_logger.timelinelog",
  "pk": 17,
  "fields": {
    "content_type": [
      "application",
      "application"
    ],
    "object_id": "f888b3ca-a053-4ebd-8daa-e6037ede8945",
    "timestamp": "2018-04-09T09:08:16.242Z",
    "extra_data": {
      "entity": "application",
      "user_type": "applicant",
      "action": "created"
    },
    "user": null,
    "template": "timeline_logger/application_action.txt"
  }
},
{
  "model": "timeline_logger.timelinelog",
  "pk": 18,
  "fields": {
    "content_type": [
      "application",
      "application"
    ],
    "object_id": "226de152-f3ae-48e9-b1bb-b7104113acb4",
    "timestamp": "2018-04-09T09:08:35.634Z",
    "extra_data": {
      "entity": "application",
      "user_type": "applicant",
      "action": "created"
    },
    "user": null,
    "template": "timeline_logger/application_action.txt"
  }
},
{
  "model": "timeline_logger.timelinelog",
  "pk": 19,
  "fields": {
    "content_type": [
      "application",
      "application"
    ],
    "object_id": "a59ae3d0-6354-41dd-8d39-8337b3127126",
    "timestamp": "2018-04-09T09:18:00.386Z",
    "extra_data": {
      "entity": "application",
      "user_type": "applicant",
      "action": "created"
    },
    "user": null,
    "template": "timeline_logger/application_action.txt"
  }
},
{
  "model": "timeline_logger.timelinelog",
  "pk": 20,
  "fields": {
    "content_type": [
      "application",
      "application"
    ],
    "object_id": "ae23d144-7daf-4469-a346-75980f84c5e2",
    "timestamp": "2018-04-09T09:18:48.719Z",
    "extra_data": {
      "entity": "application",
      "user_type": "applicant",
      "action": "created"
    },
    "user": null,
    "template": "timeline_logger/application_action.txt"
  }
},
{
  "model": "timeline_logger.timelinelog",
  "pk": 21,
  "fields": {
    "content_type": [
      "application",
      "application"
    ],
    "object_id": "383a5007-554e-4046-aee1-d29cd420d912",
    "timestamp": "2018-04-09T12:00:08.711Z",
    "extra_data": {
      "entity": "application",
      "user_type": "applicant",
      "action": "created"
    },
    "user": null,
    "template": "timeline_logger/application_action.txt"
  }
},
{
  "model": "timeline_logger.timelinelog",
  "pk": 22,
  "fields": {
    "content_type": [
      "application",
      "application"
    ],
    "object_id": "0a54222b-876f-4670-b6e3-a139706a9c3c",
    "timestamp": "2018-04-09T12:03:04.818Z",
    "extra_data": {
      "entity": "application",
      "user_type": "applicant",
      "action": "created"
    },
    "user": null,
    "template": "timeline_logger/application_action.txt"
  }
},
{
  "model": "timeline_logger.timelinelog",
  "pk": 23,
  "fields": {
    "content_type": [
      "application",
      "application"
    ],
    "object_id": "7d4bdad0-4973-410a-9911-aa0ce631a1bd",
    "timestamp": "2018-04-09T12:04:50.420Z",
    "extra_data": {
      "entity": "application",
      "user_type": "applicant",
      "action": "created"
    },
    "user": null,
    "template": "timeline_logger/application_action.txt"
  }
},
{
  "model": "timeline_logger.timelinelog",
  "pk": 24,
  "fields": {
    "content_type": [
      "application",
      "application"
    ],
    "object_id": "ef5e11e0-9d44-4af0-85b8-d6d7b12ddbd9",
    "timestamp": "2018-04-09T12:06:59.669Z",
    "extra_data": {
      "entity": "application",
      "user_type": "applicant",
      "action": "created"
    },
    "user": null,
    "template": "timeline_logger/application_action.txt"
  }
},
{
  "model": "timeline_logger.timelinelog",
  "pk": 25,
  "fields": {
    "content_type": [
      "application",
      "application"
    ],
    "object_id": "f9eedc3e-7670-431e-8ee4-40d2513cf58e",
    "timestamp": "2018-04-09T12:08:37.002Z",
    "extra_data": {
      "entity": "application",
      "user_type": "applicant",
      "action": "created"
    },
    "user": null,
    "template": "timeline_logger/application_action.txt"
  }
},
{
  "model": "timeline_logger.timelinelog",
  "pk": 26,
  "fields": {
    "content_type": [
      "application",
      "application"
    ],
    "object_id": "7259f744-ca6f-4790-b7a7-6e201ac0963d",
    "timestamp": "2018-04-09T12:10:24.758Z",
    "extra_data": {
      "entity": "application",
      "user_type": "applicant",
      "action": "created"
    },
    "user": null,
    "template": "timeline_logger/application_action.txt"
  }
},
{
  "model": "timeline_logger.timelinelog",
  "pk": 27,
  "fields": {
    "content_type": [
      "application",
      "application"
    ],
    "object_id": "3ef3bea5-aca6-4439-9b08-c86f4b141579",
    "timestamp": "2018-04-09T12:13:03.550Z",
    "extra_data": {
      "entity": "application",
      "user_type": "applicant",
      "action": "created"
    },
    "user": null,
    "template": "timeline_logger/application_action.txt"
  }
},
{
  "model": "timeline_logger.timelinelog",
  "pk": 28,
  "fields": {
    "content_type": [
      "application",
      "application"
    ],
    "object_id": "d396fb05-cbf0-4416-a5d9-05fed0bb43e1",
    "timestamp": "2018-04-09T12:17:21.758Z",
    "extra_data": {
      "entity": "application",
      "user_type": "applicant",
      "action": "created"
    },
    "user": null,
    "template": "timeline_logger/application_action.txt"
  }
},
{
  "model": "timeline_logger.timelinelog",
  "pk": 29,
  "fields": {
    "content_type": [
      "application",
      "application"
    ],
    "object_id": "3035d38c-27a4-4cae-93d0-f8cdf4fe4b35",
    "timestamp": "2018-04-09T12:30:41.259Z",
    "extra_data": {
      "entity": "application",
      "user_type": "applicant",
      "action": "created"
    },
    "user": null,
    "template": "timeline_logger/application_action.txt"
  }
},
{
  "model": "timeline_logger.timelinelog",
  "pk": 30,
  "fields": {
    "content_type": [
      "application",
      "application"
    ],
    "object_id": "b47b8845-0950-489c-9fc8-6db9ca954e7c",
    "timestamp": "2018-04-09T16:10:55.082Z",
    "extra_data": {
      "entity": "application",
      "user_type": "applicant",
      "action": "created"
    },
    "user": null,
    "template": "timeline_logger/application_action.txt"
  }
},
{
  "model": "timeline_logger.timelinelog",
  "pk": 31,
  "fields": {
    "content_type": [
      "application",
      "application"
    ],
    "object_id": "85faa895-9d5f-40a8-bf00-ddf0b42781c4",
    "timestamp": "2018-04-09T16:16:36.577Z",
    "extra_data": {
      "entity": "application",
      "user_type": "applicant",
      "action": "created"
    },
    "user": null,
    "template": "timeline_logger/application_action.txt"
  }
},
{
  "model": "timeline_logger.timelinelog",
  "pk": 32,
  "fields": {
    "content_type": [
      "application",
      "application"
    ],
    "object_id": "72c02d05-d2c5-45a2-983b-90585bfafc08",
    "timestamp": "2018-04-09T16:22:14.559Z",
    "extra_data": {
      "entity": "application",
      "user_type": "applicant",
      "action": "created"
    },
    "user": null,
    "template": "timeline_logger/application_action.txt"
  }
},
{
  "model": "timeline_logger.timelinelog",
  "pk": 33,
  "fields": {
    "content_type": [
      "application",
      "application"
    ],
    "object_id": "c4ef42f5-5fa3-47cc-b921-8235564b1dd0",
    "timestamp": "2018-04-10T08:14:53.778Z",
    "extra_data": {
      "entity": "application",
      "user_type": "applicant",
      "action": "created"
    },
    "user": null,
    "template": "timeline_logger/application_action.txt"
  }
},
{
  "model": "timeline_logger.timelinelog",
  "pk": 34,
  "fields": {
    "content_type": [
      "application",
      "application"
    ],
    "object_id": "b508c43d-badb-47ee-b4d8-fa777e99539f",
    "timestamp": "2018-04-10T09:02:01.522Z",
    "extra_data": {
      "entity": "application",
      "user_type": "applicant",
      "action": "created"
    },
    "user": null,
    "template": "timeline_logger/application_action.txt"
  }
},
{
  "model": "timeline_logger.timelinelog",
  "pk": 35,
  "fields": {
    "content_type": [
      "arc_application",
      "application"
    ],
    "object_id": "de96c5ab-e33f-4a2f-845e-20e7e89c474b",
    "timestamp": "2018-04-10T10:06:39.958Z",
    "extra_data": {
      "entity": "application",
      "user_type": "contact center",
      "action": "is viewed"
    },
    "user": [
      "cc1"
    ],
    "template": "timeline_logger/application_action_contact_center.txt"
  }
},
{
  "model": "timeline_logger.timelinelog",
  "pk": 36,
  "fields": {
    "content_type": [
      "arc_application",
      "application"
    ],
    "object_id": "060162fe-c1a5-4b5f-b341-33991c51f1c0",
    "timestamp": "2018-04-10T10:17:05.242Z",
    "extra_data": {
      "entity": "application",
      "user_type": "contact center",
      "action": "is viewed"
    },
    "user": [
      "cc1"
    ],
    "template": "timeline_logger/application_action_contact_center.txt"
  }
},
{
  "model": "timeline_logger.timelinelog",
  "pk": 37,
  "fields": {
    "content_type": [
      "arc_application",
      "application"
    ],
    "object_id": "060162fe-c1a5-4b5f-b341-33991c51f1c0",
    "timestamp": "2018-04-10T10:17:54.480Z",
    "extra_data": {
      "entity": "application",
      "user_type": "contact center",
      "action": "is viewed"
    },
    "user": [
      "cc1"
    ],
    "template": "timeline_logger/application_action_contact_center.txt"
  }
},
{
  "model": "timeline_logger.timelinelog",
  "pk": 38,
  "fields": {
    "content_type": [
      "arc_application",
      "application"
    ],
    "object_id": "060162fe-c1a5-4b5f-b341-33991c51f1c0",
    "timestamp": "2018-04-10T10:18:19.527Z",
    "extra_data": {
      "entity": "application",
      "user_type": "contact center",
      "action": "is viewed"
    },
    "user": [
      "cc1"
    ],
    "template": "timeline_logger/application_action_contact_center.txt"
  }
},
{
  "model": "timeline_logger.timelinelog",
  "pk": 39,
  "fields": {
    "content_type": [
      "arc_application",
      "application"
    ],
    "object_id": "060162fe-c1a5-4b5f-b341-33991c51f1c0",
    "timestamp": "2018-04-10T10:18:35.240Z",
    "extra_data": {
      "entity": "application",
      "user_type": "contact center",
      "action": "is viewed"
    },
    "user": [
      "cc1"
    ],
    "template": "timeline_logger/application_action_contact_center.txt"
  }
},
{
  "model": "timeline_logger.timelinelog",
  "pk": 40,
  "fields": {
    "content_type": [
      "arc_application",
      "application"
    ],
    "object_id": "060162fe-c1a5-4b5f-b341-33991c51f1c0",
    "timestamp": "2018-04-10T10:18:42.715Z",
    "extra_data": {
      "entity": "application",
      "user_type": "contact center",
      "action": "is viewed"
    },
    "user": [
      "cc1"
    ],
    "template": "timeline_logger/application_action_contact_center.txt"
  }
},
{
  "model": "timeline_logger.timelinelog",
  "pk": 41,
  "fields": {
    "content_type": [
      "arc_application",
      "application"
    ],
    "object_id": "de96c5ab-e33f-4a2f-845e-20e7e89c474b",
    "timestamp": "2018-04-10T10:18:53.106Z",
    "extra_data": {
      "entity": "application",
      "user_type": "contact center",
      "action": "is viewed"
    },
    "user": [
      "cc1"
    ],
    "template": "timeline_logger/application_action_contact_center.txt"
  }
},
{
  "model": "timeline_logger.timelinelog",
  "pk": 42,
  "fields": {
    "content_type": [
      "arc_application",
      "application"
    ],
    "object_id": "060162fe-c1a5-4b5f-b341-33991c51f1c0",
    "timestamp": "2018-04-10T10:18:56.859Z",
    "extra_data": {
      "entity": "application",
      "user_type": "contact center",
      "action": "is viewed"
    },
    "user": [
      "cc1"
    ],
    "template": "timeline_logger/application_action_contact_center.txt"
  }
},
{
  "model": "timeline_logger.timelinelog",
  "pk": 43,
  "fields": {
    "content_type": [
      "arc_application",
      "application"
    ],
    "object_id": "de96c5ab-e33f-4a2f-845e-20e7e89c474b",
    "timestamp": "2018-04-10T10:19:10.521Z",
    "extra_data": {
      "entity": "application",
      "user_type": "contact center",
      "action": "is viewed"
    },
    "user": [
      "cc1"
    ],
    "template": "timeline_logger/application_action_contact_center.txt"
  }
},
{
  "model": "timeline_logger.timelinelog",
  "pk": 44,
  "fields": {
    "content_type": [
      "arc_application",
      "application"
    ],
    "object_id": "de96c5ab-e33f-4a2f-845e-20e7e89c474b",
    "timestamp": "2018-04-10T10:19:11.828Z",
    "extra_data": {
      "entity": "application",
      "user_type": "contact center",
      "action": "is viewed"
    },
    "user": [
      "cc1"
    ],
    "template": "timeline_logger/application_action_contact_center.txt"
  }
},
{
  "model": "timeline_logger.timelinelog",
  "pk": 45,
  "fields": {
    "content_type": [
      "arc_application",
      "application"
    ],
    "object_id": "de96c5ab-e33f-4a2f-845e-20e7e89c474b",
    "timestamp": "2018-04-10T10:22:52.782Z",
    "extra_data": {
      "entity": "application",
      "user_type": "contact center",
      "action": "is viewed"
    },
    "user": [
      "cc1"
    ],
    "template": "timeline_logger/application_action_contact_center.txt"
  }
},
{
  "model": "timeline_logger.timelinelog",
  "pk": 46,
  "fields": {
    "content_type": [
      "arc_application",
      "application"
    ],
    "object_id": "060162fe-c1a5-4b5f-b341-33991c51f1c0",
    "timestamp": "2018-04-10T10:23:09.052Z",
    "extra_data": {
      "entity": "application",
      "user_type": "contact center",
      "action": "is viewed"
    },
    "user": [
      "cc1"
    ],
    "template": "timeline_logger/application_action_contact_center.txt"
  }
},
{
  "model": "timeline_logger.timelinelog",
  "pk": 47,
  "fields": {
    "content_type": [
      "arc_application",
      "application"
    ],
    "object_id": "b508c43d-badb-47ee-b4d8-fa777e99539f",
    "timestamp": "2018-04-10T10:43:37.472Z",
    "extra_data": {
      "entity": "application",
      "user_type": "contact center",
      "action": "is viewed"
    },
    "user": [
      "cc1"
    ],
    "template": "timeline_logger/application_action_contact_center.txt"
  }
},
{
  "model": "timeline_logger.timelinelog",
  "pk": 48,
  "fields": {
    "content_type": [
      "arc_application",
      "arc"
    ],
    "object_id": "de96c5ab-e33f-4a2f-845e-20e7e89c474b",
    "timestamp": "2018-04-10T12:08:52.604Z",
    "extra_data": {
      "entity": "application",
      "user_type": "reviewer",
      "action": "assigned"
    },
    "user": [
      "arc1"
    ],
    "template": "timeline_logger/application_action.txt"
  }
},
{
  "model": "timeline_logger.timelinelog",
  "pk": 49,
  "fields": {
    "content_type": [
      "arc_application",
      "arc"
    ],
    "object_id": "de96c5ab-e33f-4a2f-845e-20e7e89c474b",
    "timestamp": "2018-04-10T12:10:53.041Z",
    "extra_data": {
      "entity": "application",
      "user_type": "reviewer",
      "action": "returned by"
    },
    "user": [
      "arc1"
    ],
    "template": "timeline_logger/application_action.txt"
  }
},
{
  "model": "timeline_logger.timelinelog",
  "pk": 50,
  "fields": {
    "content_type": [
      "application",
      "application"
    ],
    "object_id": "82d3de6e-7b1d-4f58-a352-c752abf4b15e",
    "timestamp": "2018-04-10T13:58:55.124Z",
    "extra_data": {
      "entity": "application",
      "user_type": "applicant",
      "action": "created"
    },
    "user": null,
    "template": "timeline_logger/application_action.txt"
  }
},
{
  "model": "timeline_logger.timelinelog",
  "pk": 51,
  "fields": {
    "content_type": [
      "application",
      "application"
    ],
    "object_id": "7b9affe3-b9d6-4e6d-aeda-a23171075a5e",
    "timestamp": "2018-04-10T14:07:24.489Z",
    "extra_data": {
      "entity": "application",
      "user_type": "applicant",
      "action": "created"
    },
    "user": null,
    "template": "timeline_logger/application_action.txt"
  }
},
{
  "model": "timeline_logger.timelinelog",
  "pk": 52,
  "fields": {
    "content_type": [
      "application",
      "application"
    ],
    "object_id": "629e533d-9ac9-40a5-a30c-0684aec69dc7",
    "timestamp": "2018-04-10T14:10:18.323Z",
    "extra_data": {
      "entity": "application",
      "user_type": "applicant",
      "action": "created"
    },
    "user": null,
    "template": "timeline_logger/application_action.txt"
  }
},
{
  "model": "timeline_logger.timelinelog",
  "pk": 53,
  "fields": {
    "content_type": [
      "application",
      "application"
    ],
    "object_id": "bbfcf621-b6fa-4c6c-a8da-840ac7804488",
    "timestamp": "2018-04-10T14:52:55.237Z",
    "extra_data": {
      "entity": "application",
      "user_type": "applicant",
      "action": "created"
    },
    "user": null,
    "template": "timeline_logger/application_action.txt"
  }
},
{
  "model": "timeline_logger.timelinelog",
  "pk": 54,
  "fields": {
    "content_type": [
      "application",
      "application"
    ],
    "object_id": "aaa2e079-e179-40ee-8a89-a01ac8f46012",
    "timestamp": "2018-04-10T14:58:10.431Z",
    "extra_data": {
      "entity": "application",
      "user_type": "applicant",
      "action": "created"
    },
    "user": null,
    "template": "timeline_logger/application_action.txt"
  }
},
{
  "model": "timeline_logger.timelinelog",
  "pk": 55,
  "fields": {
    "content_type": [
      "application",
      "application"
    ],
    "object_id": "aaa2e079-e179-40ee-8a89-a01ac8f46012",
    "timestamp": "2018-04-10T14:58:36.634Z",
    "extra_data": {
      "entity": "application",
      "user_type": "applicant",
      "action": "submitted"
    },
    "user": null,
    "template": "timeline_logger/application_action.txt"
  }
},
{
  "model": "arc_application.application",
  "pk": "060162fe-c1a5-4b5f-b341-33991c51f1c0",
  "fields": {
    "application_type": "CHILDMINDER",
    "application_status": "DRAFTING",
    "cygnum_urn": "",
    "login_details_status": "COMPLETED",
    "personal_details_status": "COMPLETED",
    "childcare_type_status": "COMPLETED",
    "first_aid_training_status": "COMPLETED",
    "eyfs_training_status": "COMPLETED",
    "criminal_record_check_status": "COMPLETED",
    "health_status": "COMPLETED",
    "references_status": "COMPLETED",
    "people_in_home_status": "COMPLETED",
    "adults_in_home": false,
    "children_in_home": false,
    "children_turning_16": false,
    "declarations_status": "COMPLETED",
    "background_check_declare": true,
    "inspect_home_declare": true,
    "interview_declare": true,
    "share_info_declare": true,
    "information_correct_declare": true,
    "change_declare": null,
    "date_created": "2018-04-06T10:19:14.361Z",
    "date_updated": "2018-04-06T10:20:18.339Z",
    "date_accepted": null,
    "date_submitted": null
  }
},
{
  "model": "arc_application.application",
  "pk": "1280a0c3-cb45-4312-9e60-7f5183a1937c",
  "fields": {
    "application_type": "CHILDMINDER",
    "application_status": "DRAFTING",
    "cygnum_urn": "",
    "login_details_status": "NOT_STARTED",
    "personal_details_status": "NOT_STARTED",
    "childcare_type_status": "NOT_STARTED",
    "first_aid_training_status": "NOT_STARTED",
    "eyfs_training_status": "COMPLETED",
    "criminal_record_check_status": "NOT_STARTED",
    "health_status": "NOT_STARTED",
    "references_status": "NOT_STARTED",
    "people_in_home_status": "NOT_STARTED",
    "adults_in_home": null,
    "children_in_home": null,
    "children_turning_16": null,
    "declarations_status": "NOT_STARTED",
    "background_check_declare": null,
    "inspect_home_declare": null,
    "interview_declare": null,
    "share_info_declare": null,
    "information_correct_declare": null,
    "change_declare": null,
    "date_created": "2018-04-06T09:18:18.311Z",
    "date_updated": "2018-04-06T09:18:18.311Z",
    "date_accepted": null,
    "order_code": null,
    "date_submitted": null
  }
},
{
  "model": "arc_application.application",
  "pk": "142f1b00-7b60-494e-9099-e5e8c61332a4",
  "fields": {
    "application_type": "CHILDMINDER",
    "application_status": "DRAFTING",
    "cygnum_urn": "",
    "login_details_status": "NOT_STARTED",
    "personal_details_status": "NOT_STARTED",
    "childcare_type_status": "NOT_STARTED",
    "first_aid_training_status": "NOT_STARTED",
    "eyfs_training_status": "COMPLETED",
    "criminal_record_check_status": "NOT_STARTED",
    "health_status": "NOT_STARTED",
    "references_status": "NOT_STARTED",
    "people_in_home_status": "NOT_STARTED",
    "adults_in_home": null,
    "children_in_home": null,
    "children_turning_16": null,
    "declarations_status": "NOT_STARTED",
    "background_check_declare": null,
    "inspect_home_declare": null,
    "interview_declare": null,
    "share_info_declare": null,
    "information_correct_declare": null,
    "change_declare": null,
    "date_created": "2018-04-06T08:41:41.193Z",
    "date_updated": "2018-04-06T08:41:41.193Z",
    "date_accepted": null,
    "order_code": null,
    "date_submitted": null
  }
},
{
  "model": "arc_application.application",
  "pk": "2ac06828-c082-4c3f-91ef-9fd5584a1f25",
  "fields": {
    "application_type": "CHILDMINDER",
    "application_status": "DRAFTING",
    "cygnum_urn": "",
    "login_details_status": "NOT_STARTED",
    "personal_details_status": "NOT_STARTED",
    "childcare_type_status": "NOT_STARTED",
    "first_aid_training_status": "NOT_STARTED",
    "eyfs_training_status": "COMPLETED",
    "criminal_record_check_status": "NOT_STARTED",
    "health_status": "NOT_STARTED",
    "references_status": "NOT_STARTED",
    "people_in_home_status": "NOT_STARTED",
    "adults_in_home": null,
    "children_in_home": null,
    "children_turning_16": null,
    "declarations_status": "NOT_STARTED",
    "background_check_declare": null,
    "inspect_home_declare": null,
    "interview_declare": null,
    "share_info_declare": null,
    "information_correct_declare": null,
    "change_declare": null,
    "date_created": "2018-04-09T08:44:54.829Z",
    "date_updated": "2018-04-09T08:44:54.829Z",
    "date_accepted": null,
    "order_code": null,
    "date_submitted": null
  }
},
{
  "model": "arc_application.application",
  "pk": "3035d38c-27a4-4cae-93d0-f8cdf4fe4b35",
  "fields": {
    "application_type": "CHILDMINDER",
    "application_status": "DRAFTING",
    "cygnum_urn": "",
    "login_details_status": "COMPLETED",
    "personal_details_status": "NOT_STARTED",
    "childcare_type_status": "COMPLETED",
    "first_aid_training_status": "NOT_STARTED",
    "eyfs_training_status": "COMPLETED",
    "criminal_record_check_status": "NOT_STARTED",
    "health_status": "NOT_STARTED",
    "references_status": "NOT_STARTED",
    "people_in_home_status": "NOT_STARTED",
    "adults_in_home": null,
    "children_in_home": null,
    "children_turning_16": null,
    "declarations_status": "NOT_STARTED",
    "background_check_declare": null,
    "inspect_home_declare": null,
    "interview_declare": null,
    "share_info_declare": null,
    "information_correct_declare": null,
    "change_declare": null,
    "date_created": "2018-04-09T12:30:41.202Z",
    "date_updated": "2018-04-09T13:51:37.368Z",
    "date_accepted": null,
    "order_code": null,
    "date_submitted": null
  }
},
{
  "model": "arc_application.application",
  "pk": "3fa03048-55a6-4c5d-9ff1-e5e797e0853c",
  "fields": {
    "application_type": "CHILDMINDER",
    "application_status": "DRAFTING",
    "cygnum_urn": "",
    "login_details_status": "NOT_STARTED",
    "personal_details_status": "NOT_STARTED",
    "childcare_type_status": "NOT_STARTED",
    "first_aid_training_status": "NOT_STARTED",
    "eyfs_training_status": "COMPLETED",
    "criminal_record_check_status": "NOT_STARTED",
    "health_status": "NOT_STARTED",
    "references_status": "NOT_STARTED",
    "people_in_home_status": "NOT_STARTED",
    "adults_in_home": null,
    "children_in_home": null,
    "children_turning_16": null,
    "declarations_status": "NOT_STARTED",
    "background_check_declare": null,
    "inspect_home_declare": null,
    "interview_declare": null,
    "share_info_declare": null,
    "information_correct_declare": null,
    "change_declare": null,
    "date_created": "2018-04-06T14:11:26.206Z",
    "date_updated": "2018-04-06T14:11:26.206Z",
    "date_accepted": null,
    "order_code": null,
    "date_submitted": null
  }
},
{
  "model": "arc_application.application",
  "pk": "72c02d05-d2c5-45a2-983b-90585bfafc08",
  "fields": {
    "application_type": "CHILDMINDER",
    "application_status": "DRAFTING",
    "cygnum_urn": "",
    "login_details_status": "COMPLETED",
    "personal_details_status": "NOT_STARTED",
    "childcare_type_status": "COMPLETED",
    "first_aid_training_status": "NOT_STARTED",
    "eyfs_training_status": "COMPLETED",
    "criminal_record_check_status": "NOT_STARTED",
    "health_status": "NOT_STARTED",
    "references_status": "NOT_STARTED",
    "people_in_home_status": "NOT_STARTED",
    "adults_in_home": null,
    "children_in_home": null,
    "children_turning_16": null,
    "declarations_status": "NOT_STARTED",
    "background_check_declare": null,
    "inspect_home_declare": null,
    "interview_declare": null,
    "share_info_declare": null,
    "information_correct_declare": null,
    "change_declare": null,
    "date_created": "2018-04-09T16:22:14.504Z",
    "date_updated": "2018-04-09T16:23:59.931Z",
    "date_accepted": null,
    "order_code": null,
    "date_submitted": null
  }
},
{
  "model": "arc_application.application",
  "pk": "80469292-6ecb-4888-98be-7998de6a4e2a",
  "fields": {
    "application_type": "CHILDMINDER",
    "application_status": "DRAFTING",
    "cygnum_urn": "",
    "login_details_status": "NOT_STARTED",
    "personal_details_status": "NOT_STARTED",
    "childcare_type_status": "NOT_STARTED",
    "first_aid_training_status": "NOT_STARTED",
    "eyfs_training_status": "COMPLETED",
    "criminal_record_check_status": "NOT_STARTED",
    "health_status": "NOT_STARTED",
    "references_status": "NOT_STARTED",
    "people_in_home_status": "NOT_STARTED",
    "adults_in_home": null,
    "children_in_home": null,
    "children_turning_16": null,
    "declarations_status": "NOT_STARTED",
    "background_check_declare": null,
    "inspect_home_declare": null,
    "interview_declare": null,
    "share_info_declare": null,
    "information_correct_declare": null,
    "change_declare": null,
    "date_created": "2018-04-06T11:41:40.532Z",
    "date_updated": "2018-04-06T11:41:40.532Z",
    "date_accepted": null,
    "date_submitted": null
  }
},
{
  "model": "arc_application.application",
  "pk": "a59ae3d0-6354-41dd-8d39-8337b3127126",
  "fields": {
    "application_type": "CHILDMINDER",
    "application_status": "DRAFTING",
    "cygnum_urn": "",
    "login_details_status": "NOT_STARTED",
    "personal_details_status": "NOT_STARTED",
    "childcare_type_status": "NOT_STARTED",
    "first_aid_training_status": "NOT_STARTED",
    "eyfs_training_status": "COMPLETED",
    "criminal_record_check_status": "NOT_STARTED",
    "health_status": "NOT_STARTED",
    "references_status": "NOT_STARTED",
    "people_in_home_status": "NOT_STARTED",
    "adults_in_home": null,
    "children_in_home": null,
    "children_turning_16": null,
    "declarations_status": "NOT_STARTED",
    "background_check_declare": null,
    "inspect_home_declare": null,
    "interview_declare": null,
    "share_info_declare": null,
    "information_correct_declare": null,
    "change_declare": null,
    "date_created": "2018-04-09T09:18:00.331Z",
    "date_updated": "2018-04-09T09:18:00.331Z",
    "date_accepted": null,
    "date_submitted": null
  }
},
{
  "model": "arc_application.application",
  "pk": "aaa2e079-e179-40ee-8a89-a01ac8f46012",
  "fields": {
    "application_type": "CHILDMINDER",
    "application_status": "SUBMITTED",
    "cygnum_urn": "",
    "login_details_status": "COMPLETED",
    "personal_details_status": "COMPLETED",
    "childcare_type_status": "COMPLETED",
    "first_aid_training_status": "COMPLETED",
    "eyfs_training_status": "COMPLETED",
    "criminal_record_check_status": "COMPLETED",
    "health_status": "COMPLETED",
    "references_status": "COMPLETED",
    "people_in_home_status": "COMPLETED",
    "adults_in_home": false,
    "children_in_home": false,
    "children_turning_16": false,
    "declarations_status": "COMPLETED",
    "background_check_declare": true,
    "inspect_home_declare": true,
    "interview_declare": true,
    "share_info_declare": true,
    "information_correct_declare": true,
    "change_declare": null,
    "date_created": "2018-04-10T14:58:10.393Z",
    "date_updated": "2018-04-10T14:58:34.504Z",
    "date_accepted": null,
    "date_submitted": "2018-04-10T14:58:36.244Z"
  }
},
{
  "model": "arc_application.application",
  "pk": "ae23d144-7daf-4469-a346-75980f84c5e2",
  "fields": {
    "application_type": "CHILDMINDER",
    "application_status": "DRAFTING",
    "cygnum_urn": "",
    "login_details_status": "COMPLETED",
    "personal_details_status": "NOT_STARTED",
    "childcare_type_status": "COMPLETED",
    "first_aid_training_status": "NOT_STARTED",
    "eyfs_training_status": "COMPLETED",
    "criminal_record_check_status": "NOT_STARTED",
    "health_status": "NOT_STARTED",
    "references_status": "NOT_STARTED",
    "people_in_home_status": "NOT_STARTED",
    "adults_in_home": null,
    "children_in_home": null,
    "children_turning_16": null,
    "declarations_status": "NOT_STARTED",
    "background_check_declare": null,
    "inspect_home_declare": null,
    "interview_declare": null,
    "share_info_declare": null,
    "information_correct_declare": null,
    "change_declare": null,
    "date_created": "2018-04-09T09:18:48.660Z",
    "date_updated": "2018-04-09T09:19:04.488Z",
    "date_accepted": null,
    "date_submitted": null
  }
},
{
  "model": "arc_application.application",
  "pk": "b2c27f17-ce33-446a-9bb3-26ff26b5886f",
  "fields": {
    "application_type": "CHILDMINDER",
    "application_status": "DRAFTING",
    "cygnum_urn": "",
    "login_details_status": "NOT_STARTED",
    "personal_details_status": "NOT_STARTED",
    "childcare_type_status": "NOT_STARTED",
    "first_aid_training_status": "NOT_STARTED",
    "eyfs_training_status": "COMPLETED",
    "criminal_record_check_status": "NOT_STARTED",
    "health_status": "NOT_STARTED",
    "references_status": "NOT_STARTED",
    "people_in_home_status": "NOT_STARTED",
    "adults_in_home": null,
    "children_in_home": null,
    "children_turning_16": null,
    "declarations_status": "NOT_STARTED",
    "background_check_declare": null,
    "inspect_home_declare": null,
    "interview_declare": null,
    "share_info_declare": null,
    "information_correct_declare": null,
    "change_declare": null,
    "date_created": "2018-04-06T11:42:13.854Z",
    "date_updated": "2018-04-06T11:42:18.064Z",
    "date_accepted": null,
    "date_submitted": null
  }
},
{
  "model": "arc_application.application",
  "pk": "bbfcf621-b6fa-4c6c-a8da-840ac7804488",
  "fields": {
    "application_type": "CHILDMINDER",
    "application_status": "DRAFTING",
    "cygnum_urn": "",
    "login_details_status": "NOT_STARTED",
    "personal_details_status": "NOT_STARTED",
    "childcare_type_status": "NOT_STARTED",
    "first_aid_training_status": "NOT_STARTED",
    "eyfs_training_status": "COMPLETED",
    "criminal_record_check_status": "NOT_STARTED",
    "health_status": "NOT_STARTED",
    "references_status": "NOT_STARTED",
    "people_in_home_status": "NOT_STARTED",
    "adults_in_home": null,
    "children_in_home": null,
    "children_turning_16": null,
    "declarations_status": "NOT_STARTED",
    "background_check_declare": null,
    "inspect_home_declare": null,
    "interview_declare": null,
    "share_info_declare": null,
    "information_correct_declare": null,
    "change_declare": null,
    "date_created": "2018-04-10T14:52:55.160Z",
    "date_updated": "2018-04-10T14:52:59.622Z",
    "date_accepted": null,
    "date_submitted": null
  }
},
{
  "model": "arc_application.application",
  "pk": "d03f4c1b-bcef-4085-ae89-eceafb76ec1b",
  "fields": {
    "application_type": "CHILDMINDER",
    "application_status": "DRAFTING",
    "cygnum_urn": "",
    "login_details_status": "COMPLETED",
    "personal_details_status": "NOT_STARTED",
    "childcare_type_status": "IN_PROGRESS",
    "first_aid_training_status": "NOT_STARTED",
    "eyfs_training_status": "COMPLETED",
    "criminal_record_check_status": "NOT_STARTED",
    "health_status": "NOT_STARTED",
    "references_status": "NOT_STARTED",
    "people_in_home_status": "NOT_STARTED",
    "adults_in_home": null,
    "children_in_home": null,
    "children_turning_16": null,
    "declarations_status": "NOT_STARTED",
    "background_check_declare": null,
    "inspect_home_declare": null,
    "interview_declare": null,
    "share_info_declare": null,
    "information_correct_declare": null,
    "change_declare": null,
    "date_created": "2018-04-09T09:06:25.224Z",
    "date_updated": "2018-04-09T09:06:27.610Z",
    "date_accepted": null,
    "date_submitted": null
  }
},
{
  "model": "arc_application.application",
  "pk": "de96c5ab-e33f-4a2f-845e-20e7e89c474b",
  "fields": {
    "application_type": "CHILDMINDER",
    "application_status": "FURTHER_INFORMATION",
    "cygnum_urn": "",
    "login_details_status": "COMPLETED",
    "personal_details_status": "COMPLETED",
    "childcare_type_status": "COMPLETED",
    "first_aid_training_status": "COMPLETED",
    "eyfs_training_status": "COMPLETED",
    "criminal_record_check_status": "COMPLETED",
    "health_status": "COMPLETED",
    "references_status": "COMPLETED",
    "people_in_home_status": "COMPLETED",
    "adults_in_home": false,
    "children_in_home": false,
    "children_turning_16": false,
    "declarations_status": "NOT_STARTED",
    "background_check_declare": null,
    "inspect_home_declare": null,
    "interview_declare": null,
    "share_info_declare": null,
    "information_correct_declare": null,
    "change_declare": null,
    "date_created": "2018-04-06T08:21:13.427Z",
    "date_updated": "2018-04-06T08:24:40.573Z",
    "date_accepted": null,
    "date_submitted": "2018-04-06T08:25:04.015Z"
  }
},
{
  "model": "arc_application.application",
  "pk": "f888b3ca-a053-4ebd-8daa-e6037ede8945",
  "fields": {
    "application_type": "CHILDMINDER",
    "application_status": "DRAFTING",
    "cygnum_urn": "",
    "login_details_status": "NOT_STARTED",
    "personal_details_status": "NOT_STARTED",
    "childcare_type_status": "NOT_STARTED",
    "first_aid_training_status": "NOT_STARTED",
    "eyfs_training_status": "COMPLETED",
    "criminal_record_check_status": "NOT_STARTED",
    "health_status": "NOT_STARTED",
    "references_status": "NOT_STARTED",
    "people_in_home_status": "NOT_STARTED",
    "adults_in_home": null,
    "children_in_home": null,
    "children_turning_16": null,
    "declarations_status": "NOT_STARTED",
    "background_check_declare": null,
    "inspect_home_declare": null,
    "interview_declare": null,
    "share_info_declare": null,
    "information_correct_declare": null,
    "change_declare": null,
    "date_created": "2018-04-09T09:08:16.165Z",
    "date_updated": "2018-04-09T09:08:16.165Z",
    "date_accepted": null,
    "date_submitted": null
  }
},
{
  "model": "arc_application.application",
  "pk": "fc5c770d-4a96-476e-b852-211403469629",
  "fields": {
    "application_type": "CHILDMINDER",
    "application_status": "DRAFTING",
    "cygnum_urn": "",
    "login_details_status": "NOT_STARTED",
    "personal_details_status": "NOT_STARTED",
    "childcare_type_status": "NOT_STARTED",
    "first_aid_training_status": "NOT_STARTED",
    "eyfs_training_status": "COMPLETED",
    "criminal_record_check_status": "NOT_STARTED",
    "health_status": "NOT_STARTED",
    "references_status": "NOT_STARTED",
    "people_in_home_status": "NOT_STARTED",
    "adults_in_home": null,
    "children_in_home": null,
    "children_turning_16": null,
    "declarations_status": "NOT_STARTED",
    "background_check_declare": null,
    "inspect_home_declare": null,
    "interview_declare": null,
    "share_info_declare": null,
    "information_correct_declare": null,
    "change_declare": null,
    "date_created": "2018-04-05T16:19:51.900Z",
    "date_updated": "2018-04-05T16:19:57.206Z",
    "date_accepted": null,
    "date_submitted": null
  }
},
{
  "model": "arc_application.applicantpersonaldetails",
  "pk": "a0a3baca-89b3-46d3-8e5f-a20953142b8a",
  "fields": {
    "application_id": "060162fe-c1a5-4b5f-b341-33991c51f1c0",
    "birth_day": 22,
    "birth_month": 1,
    "birth_year": 1991
  }
},
{
  "model": "arc_application.applicantpersonaldetails",
  "pk": "e0b0d18f-e29a-475a-ba28-2722e21871db",
  "fields": {
    "application_id": "aaa2e079-e179-40ee-8a89-a01ac8f46012",
    "birth_day": 22,
    "birth_month": 1,
    "birth_year": 1991
  }
},
{
  "model": "arc_application.applicantpersonaldetails",
  "pk": "fbcfc2b1-c62c-40bd-b0cd-45b485837b6d",
  "fields": {
    "application_id": "de96c5ab-e33f-4a2f-845e-20e7e89c474b",
    "birth_day": 22,
    "birth_month": 1,
    "birth_year": 1991
  }
},
{
  "model": "arc_application.applicanthomeaddress",
  "pk": "138afeaf-d31c-4b26-9c74-182e1c3b7249",
  "fields": {
    "personal_detail_id": "a0a3baca-89b3-46d3-8e5f-a20953142b8a",
    "application_id": "060162fe-c1a5-4b5f-b341-33991c51f1c0",
    "street_line1": "INFORMED SOLUTIONS LTD, THE OLD BANK",
    "street_line2": " OLD MARKET PLACE",
    "town": "ALTRINCHAM",
    "county": "",
    "country": "",
    "postcode": "WA14 4PA",
    "childcare_address": true,
    "current_address": true,
    "move_in_month": 0,
    "move_in_year": 0
  }
},
{
  "model": "arc_application.applicanthomeaddress",
  "pk": "507d5d35-7f8e-4d8e-92dc-e9419454fb8d",
  "fields": {
    "personal_detail_id": "e0b0d18f-e29a-475a-ba28-2722e21871db",
    "application_id": "aaa2e079-e179-40ee-8a89-a01ac8f46012",
    "street_line1": "INFORMED SOLUTIONS LTD, THE OLD BANK",
    "street_line2": " OLD MARKET PLACE",
    "town": "ALTRINCHAM",
    "county": "",
    "country": "",
    "postcode": "WA14 4PA",
    "childcare_address": true,
    "current_address": true,
    "move_in_month": 0,
    "move_in_year": 0
  }
},
{
  "model": "arc_application.applicanthomeaddress",
  "pk": "b081f050-b105-40c2-8e9c-59b1bbc7942e",
  "fields": {
    "personal_detail_id": "fbcfc2b1-c62c-40bd-b0cd-45b485837b6d",
    "application_id": "de96c5ab-e33f-4a2f-845e-20e7e89c474b",
    "street_line1": "a",
    "street_line2": "",
    "town": "a",
    "county": "",
    "country": "",
    "postcode": "WA14 5GQ",
    "childcare_address": true,
    "current_address": true,
    "move_in_month": 0,
    "move_in_year": 0
  }
},
{
  "model": "arc_application.applicantname",
  "pk": "8c5e66d5-07b5-4ad9-a77b-c38676ce276e",
  "fields": {
    "personal_detail_id": "fbcfc2b1-c62c-40bd-b0cd-45b485837b6d",
    "application_id": "de96c5ab-e33f-4a2f-845e-20e7e89c474b",
    "current_name": true,
    "first_name": "James",
    "middle_names": "",
    "last_name": "Cruddas"
  }
},
{
  "model": "arc_application.applicantname",
  "pk": "ad3d9c09-1d9e-4131-8e29-7c6fae290207",
  "fields": {
    "personal_detail_id": "a0a3baca-89b3-46d3-8e5f-a20953142b8a",
    "application_id": "060162fe-c1a5-4b5f-b341-33991c51f1c0",
    "current_name": true,
    "first_name": "James",
    "middle_names": "",
    "last_name": "Cruddas"
  }
},
{
  "model": "arc_application.applicantname",
  "pk": "ccb8dbc5-e58a-473c-85c6-87b7d19a5d85",
  "fields": {
    "personal_detail_id": "e0b0d18f-e29a-475a-ba28-2722e21871db",
    "application_id": "aaa2e079-e179-40ee-8a89-a01ac8f46012",
    "current_name": true,
    "first_name": "James",
    "middle_names": "",
    "last_name": "Cruddas"
  }
},
{
  "model": "arc_application.arc",
  "pk": "de96c5ab-e33f-4a2f-845e-20e7e89c474b",
  "fields": {
    "user_id": "",
    "last_accessed": "06/04/2018",
    "app_type": "Childminder",
    "login_details_review": "FLAGGED",
    "childcare_type_review": "COMPLETED",
    "personal_details_review": "FLAGGED",
    "first_aid_review": "FLAGGED",
    "dbs_review": "FLAGGED",
    "health_review": "COMPLETED",
    "references_review": "FLAGGED",
    "people_in_home_review": "FLAGGED"
  }
},
{
  "model": "arc_application.arccomments",
  "pk": 1,
  "fields": {
    "table_pk": "e462e18c-2562-43e6-8e42-098defd8d46d",
    "table_name": "USER_DETAILS",
    "field_name": "mobile_number",
    "comment": "a",
    "flagged": true
  }
},
{
  "model": "arc_application.arccomments",
  "pk": 2,
  "fields": {
    "table_pk": "8cfb317d-5eab-42a1-93d4-d7aeaf29fcd5",
    "table_name": "USER_DETAILS",
    "field_name": "mobile_number",
    "comment": "a",
    "flagged": true
  }
},
{
  "model": "arc_application.arccomments",
  "pk": 3,
  "fields": {
    "table_pk": "fbcfc2b1-c62c-40bd-b0cd-45b485837b6d",
    "table_name": "APPLICANT_PERSONAL_DETAILS",
    "field_name": "date_of_birth",
    "comment": "a",
    "flagged": true
  }
},
{
  "model": "arc_application.arccomments",
  "pk": 4,
  "fields": {
    "table_pk": "e1b16524-beb2-43bf-ab66-634f78448bad",
    "table_name": "FIRST_AID_TRAINING",
    "field_name": "first_aid_training_organisation",
    "comment": "a",
    "flagged": true
  }
},
{
  "model": "arc_application.arccomments",
  "pk": 5,
  "fields": {
    "table_pk": "b9a7ae32-9a2c-464d-831e-c85ddf29fad3",
    "table_name": "CRIMINAL_RECORD_CHECK",
    "field_name": "dbs_certificate_number",
    "comment": "a",
    "flagged": true
  }
},
{
  "model": "arc_application.arccomments",
  "pk": 6,
  "fields": {
    "table_pk": "32ba88cb-cd76-4c5d-9460-60a798a6800c",
    "table_name": "REFERENCE",
    "field_name": "relationship",
    "comment": "a",
    "flagged": true
  }
},
{
  "model": "arc_application.arccomments",
  "pk": 7,
  "fields": {
    "table_pk": "de96c5ab-e33f-4a2f-845e-20e7e89c474b",
    "table_name": "APPLICATION",
    "field_name": "adults_in_home",
    "comment": "a",
    "flagged": true
  }
},
{
  "model": "arc_application.childcaretype",
  "pk": "1f3ed542-5323-4d1f-b65f-15df6e6d6b27",
  "fields": {
    "application_id": "de96c5ab-e33f-4a2f-845e-20e7e89c474b",
    "zero_to_five": true,
    "five_to_eight": true,
    "eight_plus": false,
    "overnight_care": false
  }
},
{
  "model": "arc_application.childcaretype",
  "pk": "3e2c85de-aa71-48be-9ee8-2c132145126e",
  "fields": {
    "application_id": "060162fe-c1a5-4b5f-b341-33991c51f1c0",
    "zero_to_five": true,
    "five_to_eight": true,
    "eight_plus": false,
    "overnight_care": true
  }
},
{
  "model": "arc_application.childcaretype",
  "pk": "52d98c83-120d-43be-a84e-bef332972b36",
  "fields": {
    "application_id": "72c02d05-d2c5-45a2-983b-90585bfafc08",
    "zero_to_five": true,
    "five_to_eight": false,
    "eight_plus": false,
    "overnight_care": false
  }
},
{
  "model": "arc_application.childcaretype",
  "pk": "96c71942-1085-4f81-af65-58958c97456b",
  "fields": {
    "application_id": "aaa2e079-e179-40ee-8a89-a01ac8f46012",
    "zero_to_five": true,
    "five_to_eight": true,
    "eight_plus": false,
    "overnight_care": true
  }
},
{
  "model": "arc_application.childcaretype",
  "pk": "980523e1-d0ef-4566-81db-426038b72374",
  "fields": {
    "application_id": "3035d38c-27a4-4cae-93d0-f8cdf4fe4b35",
    "zero_to_five": false,
    "five_to_eight": true,
    "eight_plus": false,
    "overnight_care": null
  }
},
{
  "model": "arc_application.childcaretype",
  "pk": "b7a9aab7-71b1-45da-a4b1-da05567b81e6",
  "fields": {
    "application_id": "ae23d144-7daf-4469-a346-75980f84c5e2",
    "zero_to_five": false,
    "five_to_eight": true,
    "eight_plus": false,
    "overnight_care": null
  }
},
{
  "model": "arc_application.criminalrecordcheck",
  "pk": "476740c7-292c-4028-94ea-6049f7c353a4",
  "fields": {
    "application_id": "060162fe-c1a5-4b5f-b341-33991c51f1c0",
    "dbs_certificate_number": "121212121212",
    "cautions_convictions": false
  }
},
{
  "model": "arc_application.criminalrecordcheck",
  "pk": "6f4b52da-5a01-4ebc-be7c-457f69a93708",
  "fields": {
    "application_id": "aaa2e079-e179-40ee-8a89-a01ac8f46012",
    "dbs_certificate_number": "121212121212",
    "cautions_convictions": false
  }
},
{
  "model": "arc_application.criminalrecordcheck",
  "pk": "b9a7ae32-9a2c-464d-831e-c85ddf29fad3",
  "fields": {
    "application_id": "de96c5ab-e33f-4a2f-845e-20e7e89c474b",
    "dbs_certificate_number": "121212121212",
    "cautions_convictions": false
  }
},
{
  "model": "arc_application.firstaidtraining",
  "pk": "04316a30-4087-453b-a16e-a509e1bbcef7",
  "fields": {
    "application_id": "060162fe-c1a5-4b5f-b341-33991c51f1c0",
    "training_organisation": "JMC Training",
    "course_title": "Test",
    "course_day": 22,
    "course_month": 1,
    "course_year": 2018,
    "show_certificate": true,
    "renew_certificate": false
  }
},
{
  "model": "arc_application.firstaidtraining",
  "pk": "ded1141c-513d-4e3d-975b-cb631fc7d8c0",
  "fields": {
    "application_id": "aaa2e079-e179-40ee-8a89-a01ac8f46012",
    "training_organisation": "JMC Training",
    "course_title": "Test",
    "course_day": 22,
    "course_month": 1,
    "course_year": 2018,
    "show_certificate": true,
    "renew_certificate": false
  }
},
{
  "model": "arc_application.firstaidtraining",
  "pk": "e1b16524-beb2-43bf-ab66-634f78448bad",
  "fields": {
    "application_id": "de96c5ab-e33f-4a2f-845e-20e7e89c474b",
    "training_organisation": "JMC Training",
    "course_title": "Test",
    "course_day": 22,
    "course_month": 1,
    "course_year": 2018,
    "show_certificate": true,
    "renew_certificate": false
  }
},
{
  "model": "arc_application.healthdeclarationbooklet",
  "pk": "80c68e79-8358-49ab-be1e-558f4b271fd7",
  "fields": {
    "application_id": "de96c5ab-e33f-4a2f-845e-20e7e89c474b",
    "send_hdb_declare": true
  }
},
{
  "model": "arc_application.healthdeclarationbooklet",
  "pk": "a28c6675-97ab-4a66-be6f-6b85f6632f85",
  "fields": {
    "application_id": "060162fe-c1a5-4b5f-b341-33991c51f1c0",
    "send_hdb_declare": true
  }
},
{
  "model": "arc_application.healthdeclarationbooklet",
  "pk": "bbc7550c-6827-46be-9b16-a812b0fe9eca",
  "fields": {
    "application_id": "aaa2e079-e179-40ee-8a89-a01ac8f46012",
    "send_hdb_declare": true
  }
},
{
  "model": "arc_application.reference",
  "pk": "32ba88cb-cd76-4c5d-9460-60a798a6800c",
  "fields": {
    "application_id": "de96c5ab-e33f-4a2f-845e-20e7e89c474b",
    "reference": 1,
    "first_name": "Test",
    "last_name": "Person",
    "relationship": "Friend",
    "years_known": 2,
    "months_known": 2,
    "street_line1": "a",
    "street_line2": "a",
    "town": "a",
    "county": "a",
    "country": "a",
    "postcode": "WA14 5GQ",
    "phone_number": "07791618129",
    "email": "james.cruddas@informed.com"
  }
},
{
  "model": "arc_application.reference",
  "pk": "70ec98a9-441b-4d72-89c1-7cde495d8092",
  "fields": {
    "application_id": "060162fe-c1a5-4b5f-b341-33991c51f1c0",
    "reference": 1,
    "first_name": "Test",
    "last_name": "Person",
    "relationship": "Friend",
    "years_known": 2,
    "months_known": 2,
    "street_line1": "INFORMED SOLUTIONS LTD, THE OLD BANK",
    "street_line2": " OLD MARKET PLACE",
    "town": "ALTRINCHAM",
    "county": "",
    "country": "United Kingdom",
    "postcode": "WA14 4PA",
    "phone_number": "07791618129",
    "email": "james.cruddas@informed.com"
  }
},
{
  "model": "arc_application.reference",
  "pk": "ae0f6499-929b-4bb7-9b94-c9fd599f7227",
  "fields": {
    "application_id": "aaa2e079-e179-40ee-8a89-a01ac8f46012",
    "reference": 2,
    "first_name": "Test",
    "last_name": "User",
    "relationship": "Neighbour",
    "years_known": 2,
    "months_known": 2,
    "street_line1": "INFORMED SOLUTIONS LTD, THE OLD BANK",
    "street_line2": " OLD MARKET PLACE",
    "town": "ALTRINCHAM",
    "county": "",
    "country": "United Kingdom",
    "postcode": "WA14 4PA",
    "phone_number": "07791618129",
    "email": "james.cruddas@informed.com"
  }
},
{
  "model": "arc_application.reference",
  "pk": "b3c8fd4b-0f72-4fce-8ab4-916f9285925b",
  "fields": {
    "application_id": "060162fe-c1a5-4b5f-b341-33991c51f1c0",
    "reference": 2,
    "first_name": "Test",
    "last_name": "User",
    "relationship": "Neighbour",
    "years_known": 2,
    "months_known": 2,
    "street_line1": "INFORMED SOLUTIONS LTD, THE OLD BANK",
    "street_line2": " OLD MARKET PLACE",
    "town": "ALTRINCHAM",
    "county": "",
    "country": "United Kingdom",
    "postcode": "WA14 4PA",
    "phone_number": "07791618129",
    "email": "james.cruddas@informed.com"
  }
},
{
  "model": "arc_application.reference",
  "pk": "bdb9b362-f9c3-43b2-bba1-e5303e99ff7c",
  "fields": {
    "application_id": "de96c5ab-e33f-4a2f-845e-20e7e89c474b",
    "reference": 2,
    "first_name": "Test",
    "last_name": "User",
    "relationship": "Neighbour",
    "years_known": 2,
    "months_known": 2,
    "street_line1": "aq",
    "street_line2": "a",
    "town": "a",
    "county": "a",
    "country": "a",
    "postcode": "WA14 5GQ",
    "phone_number": "07791618129",
    "email": "james.cruddas@informed.com"
  }
},
{
  "model": "arc_application.reference",
  "pk": "c2b5a259-5508-4525-9e3b-df7748a0c38a",
  "fields": {
    "application_id": "aaa2e079-e179-40ee-8a89-a01ac8f46012",
    "reference": 1,
    "first_name": "Test",
    "last_name": "Person",
    "relationship": "Friend",
    "years_known": 2,
    "months_known": 2,
    "street_line1": "INFORMED SOLUTIONS LTD, THE OLD BANK",
    "street_line2": " OLD MARKET PLACE",
    "town": "ALTRINCHAM",
    "county": "",
    "country": "United Kingdom",
    "postcode": "WA14 4PA",
    "phone_number": "07791618129",
    "email": "james.cruddas@informed.com"
  }
},
{
  "model": "arc_application.userdetails",
  "pk": "179776c1-061c-4c57-a9fd-2abb9d10899e",
  "fields": {
    "application_id": "ae23d144-7daf-4469-a346-75980f84c5e2",
    "email": "b@a.com",
    "mobile_number": "07824893361",
    "add_phone_number": "",
    "email_expiry_date": 0,
    "sms_expiry_date": 1523265577,
    "magic_link_email": "RIWQOJZDP4XL",
    "magic_link_sms": "68421",
    "security_question": "a",
    "security_answer": "a"
  }
},
{
  "model": "arc_application.userdetails",
  "pk": "3801ca12-5884-448b-8e33-33bb49529dcb",
  "fields": {
    "application_id": "f888b3ca-a053-4ebd-8daa-e6037ede8945",
    "email": "",
    "mobile_number": "",
    "add_phone_number": "",
    "email_expiry_date": null,
    "sms_expiry_date": null,
    "magic_link_email": null,
    "magic_link_sms": null,
    "security_question": null,
    "security_answer": null
  }
},
{
  "model": "arc_application.userdetails",
  "pk": "3a5f2b22-8dd3-4488-ba7e-0bafbe9b4057",
  "fields": {
    "application_id": "fc5c770d-4a96-476e-b852-211403469629",
    "email": "a@a.com",
    "mobile_number": "",
    "add_phone_number": "",
    "email_expiry_date": 1523290601,
    "sms_expiry_date": 1523265492,
    "magic_link_email": "SJIIFGRT1CXZ",
    "magic_link_sms": "86238",
    "security_question": null,
    "security_answer": null
  }
},
{
  "model": "arc_application.userdetails",
  "pk": "656f392e-cd63-4274-be49-600d00537fb8",
  "fields": {
    "application_id": "bbfcf621-b6fa-4c6c-a8da-840ac7804488",
    "email": "sfas@a.com",
    "mobile_number": "",
    "add_phone_number": "",
    "email_expiry_date": null,
    "sms_expiry_date": null,
    "magic_link_email": null,
    "magic_link_sms": null,
    "security_question": null,
    "security_answer": null
  }
},
{
  "model": "arc_application.userdetails",
  "pk": "7210a514-5f93-4df6-bc3d-b47d0c7af9f3",
  "fields": {
    "application_id": "060162fe-c1a5-4b5f-b341-33991c51f1c0",
    "email": "b@g.com",
    "mobile_number": "07824893361",
    "add_phone_number": "",
    "email_expiry_date": 1523263496,
    "sms_expiry_date": null,
    "magic_link_email": "KGL8TPSCC4RB",
    "magic_link_sms": null,
    "security_question": "test",
    "security_answer": "test"
  }
},
{
  "model": "arc_application.userdetails",
  "pk": "7cb8718e-cd2c-4035-a37e-5e74bfeaddea",
  "fields": {
    "application_id": "a59ae3d0-6354-41dd-8d39-8337b3127126",
    "email": "",
    "mobile_number": "",
    "add_phone_number": "",
    "email_expiry_date": null,
    "sms_expiry_date": null,
    "magic_link_email": null,
    "magic_link_sms": null,
    "security_question": null,
    "security_answer": null
  }
},
{
  "model": "arc_application.userdetails",
  "pk": "85136ad8-11c2-4aa7-8bd2-c10c13b0ccea",
  "fields": {
    "application_id": "aaa2e079-e179-40ee-8a89-a01ac8f46012",
    "email": "acruddasj@informed.com",
    "mobile_number": "07824893361",
    "add_phone_number": "",
    "email_expiry_date": null,
    "sms_expiry_date": null,
    "magic_link_email": null,
    "magic_link_sms": null,
    "security_question": "test",
    "security_answer": "test"
  }
},
{
  "model": "arc_application.userdetails",
  "pk": "8cfb317d-5eab-42a1-93d4-d7aeaf29fcd5",
  "fields": {
    "application_id": "de96c5ab-e33f-4a2f-845e-20e7e89c474b",
    "email": "cd@c.com",
    "mobile_number": "07824893361",
    "add_phone_number": "",
    "email_expiry_date": 1523362253,
    "sms_expiry_date": 1523023904,
    "magic_link_email": "IORDJYDIP5EH",
    "magic_link_sms": "40252",
    "security_question": "test",
    "security_answer": "test"
  }
},
{
  "model": "arc_application.userdetails",
  "pk": "901aca38-62d0-4034-9171-3eab9bae5ed3",
  "fields": {
    "application_id": "3fa03048-55a6-4c5d-9ff1-e5e797e0853c",
    "email": "",
    "mobile_number": "",
    "add_phone_number": "",
    "email_expiry_date": null,
    "sms_expiry_date": null,
    "magic_link_email": null,
    "magic_link_sms": null,
    "security_question": null,
    "security_answer": null
  }
},
{
  "model": "arc_application.userdetails",
  "pk": "94d67c0d-01c1-46d1-8a62-453a7da6ddfe",
  "fields": {
    "application_id": "3035d38c-27a4-4cae-93d0-f8cdf4fe4b35",
    "email": "asdfadsffa@c.com",
    "mobile_number": "07824893361",
    "add_phone_number": "",
    "email_expiry_date": null,
    "sms_expiry_date": null,
    "magic_link_email": null,
    "magic_link_sms": null,
    "security_question": "a",
    "security_answer": "a"
  }
},
{
  "model": "arc_application.userdetails",
  "pk": "a6a2ca14-51ac-42b6-8e5c-4eacd934dd06",
  "fields": {
    "application_id": "142f1b00-7b60-494e-9099-e5e8c61332a4",
    "email": "",
    "mobile_number": "",
    "add_phone_number": "",
    "email_expiry_date": null,
    "sms_expiry_date": null,
    "magic_link_email": null,
    "magic_link_sms": null,
    "security_question": null,
    "security_answer": null
  }
},
{
  "model": "arc_application.userdetails",
  "pk": "c4e4881d-9c3e-4414-b1e0-a3317d8d5698",
  "fields": {
    "application_id": "80469292-6ecb-4888-98be-7998de6a4e2a",
    "email": "",
    "mobile_number": "",
    "add_phone_number": "",
    "email_expiry_date": null,
    "sms_expiry_date": null,
    "magic_link_email": null,
    "magic_link_sms": null,
    "security_question": null,
    "security_answer": null
  }
},
{
  "model": "arc_application.userdetails",
  "pk": "d0caa676-50d6-417b-8ab2-40d3a8dc881c",
  "fields": {
    "application_id": "b2c27f17-ce33-446a-9bb3-26ff26b5886f",
    "email": "b@b.co",
    "mobile_number": "",
    "add_phone_number": "",
    "email_expiry_date": null,
    "sms_expiry_date": null,
    "magic_link_email": null,
    "magic_link_sms": null,
    "security_question": null,
    "security_answer": null
  }
},
{
  "model": "arc_application.userdetails",
  "pk": "e61a103d-3423-4b48-bec8-63d612a52e6f",
  "fields": {
    "application_id": "72c02d05-d2c5-45a2-983b-90585bfafc08",
    "email": "DROP_TABLE@a.com",
    "mobile_number": "07824893361",
    "add_phone_number": "",
    "email_expiry_date": null,
    "sms_expiry_date": null,
    "magic_link_email": null,
    "magic_link_sms": null,
    "security_question": "a",
    "security_answer": "a"
  }
},
{
  "model": "arc_application.userdetails",
  "pk": "ec9b54ae-2efb-4a6a-9a28-f9c043343f3a",
  "fields": {
    "application_id": "1280a0c3-cb45-4312-9e60-7f5183a1937c",
    "email": "",
    "mobile_number": "",
    "add_phone_number": "",
    "email_expiry_date": null,
    "sms_expiry_date": null,
    "magic_link_email": null,
    "magic_link_sms": null,
    "security_question": null,
    "security_answer": null
  }
},
{
  "model": "arc_application.userdetails",
  "pk": "f9cbb064-1869-449a-9abf-a881d1f0f502",
  "fields": {
    "application_id": "2ac06828-c082-4c3f-91ef-9fd5584a1f25",
    "email": "",
    "mobile_number": "",
    "add_phone_number": "",
    "email_expiry_date": null,
    "sms_expiry_date": null,
    "magic_link_email": null,
    "magic_link_sms": null,
    "security_question": null,
    "security_answer": null
  }
},
{
  "model": "arc_application.userdetails",
  "pk": "fde7ee4e-1a8d-438e-b604-109a7d5ba558",
  "fields": {
    "application_id": "d03f4c1b-bcef-4085-ae89-eceafb76ec1b",
    "email": "basd@g.com",
    "mobile_number": "07824893361",
    "add_phone_number": "",
    "email_expiry_date": 1523264897,
    "sms_expiry_date": null,
    "magic_link_email": "IY6I6ADVJMSA",
    "magic_link_sms": null,
    "security_question": "test",
    "security_answer": "test"
  }
}
]
